tips,n_slices,slice_s,slice_min,reps
20,25,2.9416987672448158e-05,2.3124972358345985e-05,15
20,50,2.4083012249320745e-05,2.354203024879098e-05,15
20,100,2.7083035092800856e-05,2.645899076014757e-05,15
100,25,3.1167000997811556e-05,3.058300353586674e-05,15
100,50,3.770802868530154e-05,3.729201853275299e-05,15
100,100,5.175004480406642e-05,5.1250040996819735e-05,15
200,25,4.1834020521491766e-05,4.095898475497961e-05,15
200,50,5.5833952501416206e-05,5.41249755769968e-05,15
200,100,8.533301297575235e-05,8.237495785579085e-05,15
500,25,6.804201984778047e-05,6.745901191607118e-05,15
500,50,9.833299554884434e-05,9.770801989361644e-05,15
500,100,0.0001710419892333448,0.00016741699073463678,15
1000,25,0.00011337501928210258,0.00011179200373589993,15
1000,50,0.0001907919649966061,0.00017341604689136147,15
1000,100,0.00047129200538620353,0.0004487499827519059,15
2000,25,0.00025345804169774055,0.0002505420125089586,15
2000,50,0.0005143340094946325,0.0004742500022985041,15
2000,100,0.0009515839628875256,0.0008771250140853226,15
