"tips","n_slices","slice_s","slice_q25","slice_q75","slice_min","reps"
1000,25,0.0630340576171875,0.0186045169830322,0.0797265768051147,0.015578031539917,15
1000,50,0.0688009262084961,0.0683205127716064,0.0752381086349487,0.0658149719238281,15
1000,100,0.0832180976867676,0.082648515701294,0.0851260423660278,0.0453782081604004,15
2000,25,0.0849101543426514,0.0838605165481567,0.0881015062332153,0.0821919441223145,15
2000,50,0.106489896774292,0.104398965835571,0.11014461517334,0.102028131484985,15
2000,100,0.140980958938599,0.138825535774231,0.222815871238708,0.0982999801635742,15
200,25,0.00443601608276367,0.00385749340057373,0.00670254230499268,0.00370383262634277,15
200,50,0.00744295120239258,0.00697958469390869,0.00955855846405029,0.00659298896789551,15
200,100,0.0140681266784668,0.0135694742202759,0.0194694995880127,0.0129997730255127,15
500,25,0.00749921798706055,0.00718259811401367,0.00958144664764404,0.00672698020935059,15
500,50,0.0143899917602539,0.0133720636367798,0.0167083740234375,0.0125110149383545,15
500,100,0.0275359153747559,0.0245389938354492,0.0309144258499146,0.022939920425415,15
100,25,0.00292491912841797,0.00287353992462158,0.00310313701629639,0.00279784202575684,15
100,50,0.00561285018920898,0.00541949272155762,0.0059434175491333,0.0052640438079834,15
100,100,0.0109078884124756,0.0105581283569336,0.0126221179962158,0.0102980136871338,15
20,25,0.00222301483154297,0.00218057632446289,0.00236606597900391,0.00214290618896484,15
20,50,0.00432801246643066,0.00412893295288086,0.00444245338439941,0.00404119491577148,15
20,100,0.00818490982055664,0.00804758071899414,0.00829410552978516,0.00799703598022461,15
100,25,0.00287103652954102,0.00278902053833008,0.00297760963439941,0.00270915031433105,15
100,50,0.00546407699584961,0.00535714626312256,0.00574195384979248,0.00522494316101074,15
100,100,0.0108380317687988,0.0104213953018188,0.0124404430389404,0.0102949142456055,15
