tips,n_sites,n_slices,slice_s,cpd_s,cpe_s
100,30,25,4.691700451076031e-05,0.0025138750206679106,0.0021408330067060888
100,30,50,9.225000394508243e-05,0.002441708988044411,0.0024345829733647406
100,30,25,4.425004590302706e-05,0.0019979169592261314,0.0019328329944983125
100,30,50,4.7084002289921045e-05,0.0025037499726749957,0.0023449590080417693
20,30,25,2.9374961741268635e-05,0.0017282500048168004,0.0017249170341528952
20,30,50,2.8958020266145468e-05,0.0018722090171650052,0.0018893750384449959
20,30,25,6.204203236848116e-05,0.0020449169678613544,0.0015871250070631504
20,30,50,2.8999987989664078e-05,0.0019006250076927245,0.001964291965123266
100,30,25,3.666599513962865e-05,0.0026652499800547957,0.002673999988473952
100,30,50,4.395795986056328e-05,0.00238100002752617,0.002426624996587634
100,30,25,3.791699418798089e-05,0.0021542079630307853,0.0022638330119661987
100,30,50,4.7124980483204126e-05,0.0021976249990984797,0.0023035830236040056
