"tips","n_sites","n_slices","slice_s","cpd_s","cpe_s"
100,30,25,0.0028069019317627,0.0223388671875,0.0299599170684814
100,30,50,0.00536108016967773,0.0263209342956543,0.0355689525604248
100,30,25,0.00289797782897949,0.0284481048583984,0.0359330177307129
100,30,50,0.00594401359558105,0.0268948078155518,0.0409538745880127
20,30,25,0.00249004364013672,0.0239880084991455,0.0249087810516357
20,30,50,0.00463104248046875,0.0273001194000244,0.0254158973693848
20,30,25,0.00276303291320801,0.0236680507659912,0.0250518321990967
20,30,50,0.00465703010559082,0.0239870548248291,0.0249269008636475
100,30,25,0.00281906127929688,0.0212831497192383,0.0306310653686523
100,30,50,0.00603914260864258,0.0301880836486816,0.0386080741882324
100,30,25,0.0029451847076416,0.0244650840759277,0.0367050170898438
100,30,50,0.00639104843139648,0.0271890163421631,0.0454978942871094
